,X,Y,Facies,Porosity,Perm,AI
0,100.0,900.0,0.0,0.10131888223651778,1.9968677478631889,5590.417154126905
1,100.0,800.0,1.0,0.14767607962292628,10.71178925924529,3470.845666123104
2,100.0,700.0,1.0,0.14591186457642924,17.818143084382843,3586.988513308078
3,100.0,600.0,1.0,0.18616661811397628,217.10936533249924,3732.114787434751
4,100.0,500.0,1.0,0.14608824022302805,16.71736692814727,2534.551236213237
9,200.0,900.0,1.0,0.12994857887987912,23.348473346944207,4781.590782224879
11,200.0,700.0,1.0,0.18529863624524226,595.674539680874,4729.017454464709
12,200.0,600.0,1.0,0.16492299673244842,154.55584086951905,2147.6688048792566
13,200.0,500.0,1.0,0.16702644712115927,50.9708994720346,4583.679953188361
14,200.0,400.0,1.0,0.12538215033397895,4.061771783418597,4477.93019965405
16,200.0,200.0,0.0,0.07741883853316557,1.1626419398804932,6844.535923099399
19,300.0,800.0,1.0,0.16479726667773478,497.5935781761299,3881.489045750671
20,300.0,700.0,1.0,0.16515461636852893,486.50479897964425,3726.0237758578614
21,300.0,600.0,1.0,0.18267586438890654,931.1890135395215,5260.675054765522
22,300.0,500.0,1.0,0.1598906403250605,105.79743607693291,3658.8114579892754
23,300.0,400.0,1.0,0.13951633639570057,25.020082817311863,4928.059101434137
25,300.0,200.0,0.0,0.07327552344747966,0.5232482429937052,6969.149685884928
26,300.0,100.0,0.0,0.0785029909605541,0.5396475002702948,6266.168736897298
27,400.0,900.0,1.0,0.15880030837079712,174.2583002436344,4101.371673816452
28,400.0,800.0,1.0,0.11246921661400619,23.966424739299683,3978.893770230887
29,400.0,700.0,1.0,0.13671068722221433,148.35073979848926,4812.503089933592
30,400.0,600.0,1.0,0.17414707425235038,860.7803271217061,4715.552208978888
31,400.0,500.0,1.0,0.12023517733361605,65.4868591100527,4926.975019385221
32,400.0,400.0,1.0,0.133265282433848,60.947523626662495,4747.3296799444915
35,400.0,100.0,0.0,0.06661524793306073,0.15651956397526479,6026.59576080384
36,500.0,900.0,1.0,0.16302999768904328,129.80362993556324,4272.717071878004
37,500.0,800.0,1.0,0.1414087695997233,56.454730567347426,4612.304107178581
38,500.0,700.0,0.0,0.10751995803152017,10.459676815886796,5281.963762700376
39,500.0,600.0,0.0,0.08728150045673135,4.574283373126958,4990.461285938303
40,500.0,500.0,0.0,0.09933302128395663,7.11604409795719,6080.263352882324
42,500.0,300.0,0.0,0.08548737328681504,0.8193312787210635,6232.488903017353
43,500.0,200.0,0.0,0.10355912529208229,1.646427647299933,7561.250336129651
46,600.0,800.0,1.0,0.1539798852895787,50.45141729776904,4285.9647537659275
47,600.0,700.0,1.0,0.11642810712630819,4.525924491294601,5472.785278236725
48,600.0,600.0,0.0,0.08770955086790033,1.826600795004285,4815.685452015562
50,600.0,400.0,0.0,0.11013991141595905,9.56046324341028,5721.503653711088
52,600.0,200.0,0.0,0.11153452576633928,4.269218898323386,5053.998024315949
53,600.0,100.0,1.0,0.15204194156471784,54.03574933915746,5216.867195881039
54,700.0,900.0,1.0,0.14493647292813813,20.6344697774336,4425.742919086107
56,700.0,700.0,0.0,0.09802788616759898,0.6145481621524157,4404.310926842334
58,700.0,500.0,0.0,0.11116718324589918,14.59365205846811,6471.646823438863
59,700.0,400.0,1.0,0.13753721200415478,74.77695202907842,6044.451029474303
60,700.0,300.0,1.0,0.12365162681096235,11.74633433833157,5605.811939663369
61,700.0,200.0,0.0,0.11870472061523742,5.343619480373866,4822.699607181913
62,700.0,100.0,1.0,0.1440415293021493,18.68026855105607,3903.6762107657305
63,800.0,900.0,1.0,0.12749725958236646,7.608928226490531,4357.7372998762985
66,800.0,600.0,0.0,0.11487622790058898,3.455681462382004,4305.081341901169
68,800.0,400.0,0.0,0.10619371980310993,5.651886044106453,5489.136977335255
69,800.0,300.0,1.0,0.12130134389061939,5.2621368054619175,5705.393545436082
70,800.0,200.0,1.0,0.12969981763954913,4.945909092285753,5532.190176224609
74,900.0,700.0,0.0,0.1074127898185714,0.5564182134769184,3419.144314217334
76,900.0,500.0,0.0,0.08631289012710777,1.0317165097150918,5628.516202805554
78,900.0,300.0,1.0,0.13504511176353184,10.039742173185852,4125.915118525103
79,900.0,200.0,1.0,0.1394136290493551,7.750532739686031,4242.7354162667625
80,900.0,100.0,1.0,0.17216840661905108,52.27304255643309,4354.446742025273
82,900.0,914.0,0.0,0.11011486260340882,1.266631057855947,4669.545199665962
83,910.0,914.0,0.0,0.10303118549192938,0.7381355060096791,4782.382545237631
89,890.0,894.0,1.0,0.13289929482644341,2.8151371783867316,4782.78353619214
90,900.0,894.0,0.0,0.12635012146824612,1.8388040200024458,4288.503764905631
91,910.0,894.0,0.0,0.12798131731711326,1.79621585377848,3842.8542192420496
92,920.0,894.0,0.0,0.10889248244422506,0.7499493489037031,3720.9079546503353
93,230.0,639.0,1.0,0.17182307237599986,296.6983993993717,3206.700090333803
96,870.0,449.0,0.0,0.06553679799170792,0.6720054692224303,5672.957303616644
97,60.0,299.0,0.0,0.11119807279502034,2.76264231777687,5141.511589749135
99,900.0,879.0,0.0,0.12561618195467184,1.2836119073526024,3722.504336706624
100,250.0,879.0,1.0,0.1394992231562171,73.26988630327016,4571.839622089259
103,880.0,89.0,1.0,0.15904675537650026,22.188353690317655,4211.969945673196
104,480.0,869.0,1.0,0.14270976175352634,44.80447942064528,4964.381746998641
105,90.0,959.0,0.0,0.09260126215665966,2.090806589178062,5967.714480525645
106,220.0,179.0,0.0,0.07739872406237572,1.2295558090938519,6279.195302381095
107,320.0,619.0,1.0,0.17309350351674063,555.5213138880376,4307.367554395639
108,360.0,839.0,1.0,0.1629249577883101,343.72641605055156,4679.295821419199
109,370.0,449.0,1.0,0.13984773719884902,82.99187676576494,4727.305880907514
114,900.0,699.0,0.0,0.09668595680606017,0.37512264341569507,3904.5494685605227
115,180.0,909.0,1.0,0.1266621365623834,13.882748980436046,4712.673153993583
116,700.0,239.0,0.0,0.11504127919188364,4.268672258148009,5660.999400270195
117,520.0,69.0,0.0,0.1161390711832108,6.818115637539048,5322.574425621216
122,120.0,429.0,1.0,0.12146308579173148,3.497527934665362,4060.886567800259
123,180.0,789.0,1.0,0.15240428350347726,61.142945122207735,3730.9224729899106
125,900.0,999.0,1.0,0.13028115288013653,4.472919051851307,4282.5080198132755
126,140.0,79.0,0.0,0.08351295437621092,2.020531232772852,6623.691033948775
127,130.0,539.0,1.0,0.1379286457897415,16.46245061537593,3473.985394530335
129,800.0,169.0,1.0,0.14241510106470087,7.208674243284445,5132.904312317777
131,240.0,779.0,1.0,0.19248632904607926,1198.6817156860893,3988.2998430337166
133,140.0,499.0,1.0,0.1388232656222324,12.365241477705455,3125.8400885482297
134,260.0,159.0,0.0,0.0946259509702626,1.8908573635244013,7016.995986644925
135,140.0,619.0,1.0,0.16946920890493278,199.02988607231043,3358.271777615353
138,570.0,199.0,0.0,0.08103172332771494,0.8105655877190086,5691.423838092713
141,40.0,99.0,0.0,0.08857087205112671,3.2488444714826654,5761.147733576621
145,800.0,759.0,0.0,0.10168415011110607,0.49281232282856186,4651.462661277494
147,970.0,509.0,0.0,0.09994432660963942,2.7407961904594433,6399.464495925584
149,920.0,969.0,0.0,0.10331072716313781,1.039540618779831,3807.480282821104
151,510.0,939.0,1.0,0.14888155470399625,70.56278491703529,3665.0123135442946
152,740.0,389.0,1.0,0.13096538654226908,32.096174137001114,6695.245430431356
154,250.0,789.0,1.0,0.1738825244378733,559.3759003643459,3735.1627289099397
156,540.0,799.0,1.0,0.12606735810760053,24.399946441177054,4906.490088075931
157,40.0,589.0,1.0,0.21025762617423288,461.97667624033863,3890.1797225612218
159,380.0,259.0,0.0,0.06429530217387769,0.3227641450833796,7113.679894356352
160,650.0,539.0,0.0,0.1136232466838043,8.442675382391005,5370.721762612041
161,190.0,309.0,0.0,0.10104704540800671,1.8158731605903928,5402.085093577404
165,720.0,169.0,1.0,0.10510101846762837,2.9029953606207357,4470.927142428803
169,940.0,799.0,0.0,0.09196021706226729,0.19213335672665127,3838.2799995365613
170,50.0,809.0,1.0,0.12371223851634071,2.8748809271135225,4555.093964394941
171,480.0,929.0,1.0,0.15658868215337274,103.46625453200643,4401.30111393708
172,830.0,819.0,1.0,0.12487300325171256,1.7820119302453024,4494.808666372943
173,230.0,769.0,1.0,0.20558638097026263,1991.0977225604329,4060.6342819311826
175,800.0,259.0,1.0,0.14859233494849938,17.30323834706576,5383.404804697744
177,330.0,619.0,1.0,0.16947031415789476,485.13619072540877,4367.180402443013
178,0.0,489.0,1.0,0.20018371656676404,293.5617325892881,3736.3057802168723
181,720.0,99.0,1.0,0.15858067133182124,31.320699706554823,3862.7799315256316
182,260.0,419.0,1.0,0.1332335426745251,9.60832728305931,4792.113388481968
183,510.0,749.0,1.0,0.11769033282158693,18.21027108239581,5099.541850251938
184,270.0,939.0,1.0,0.12036400017294557,21.420613016621438,4729.726953531184
185,920.0,9.0,1.0,0.15977680451558368,45.855045824718786,3493.860158840066
187,200.0,389.0,1.0,0.12166969990837756,3.2546739167026018,4836.2528304054695
188,330.0,229.0,0.0,0.08425059928866743,0.7821184500095492,5721.001462719376
189,210.0,549.0,1.0,0.16900352775830432,104.75941179977097,4112.613045737705
190,250.0,729.0,1.0,0.17642311331954197,476.1506516280499,4488.425335759888
195,950.0,829.0,0.0,0.09388736322320139,0.2623649079414762,3934.4770629141058
196,180.0,409.0,1.0,0.13586181931640023,6.444589615570243,4234.475398174069
197,670.0,779.0,1.0,0.13213360840652666,6.435518450836866,4114.122255847362
204,180.0,599.0,1.0,0.15649708983497224,96.28198149515374,2555.565608904278
205,710.0,649.0,0.0,0.09209290317519879,0.5672089495505481,4274.588082193053
206,410.0,489.0,1.0,0.1296250333874241,83.21534709162064,5058.20637823366
207,570.0,659.0,0.0,0.09690578603904029,4.324791680271025,5666.904640370899
208,130.0,789.0,1.0,0.15597443909744585,24.588133809221127,4331.375441035527
209,760.0,709.0,0.0,0.1034258757502622,0.472966348057442,5783.018259314944
210,780.0,429.0,0.0,0.12350776609655166,23.432337476683873,5892.392937381291
211,960.0,289.0,1.0,0.1394634007081318,12.885744950386584,4464.513960918058
212,880.0,589.0,0.0,0.11218858430273912,2.054184566493169,5155.065252495111
213,860.0,999.0,1.0,0.1297135290736025,6.538518785193875,5174.544116985034
214,250.0,419.0,1.0,0.12408822925554445,5.397949774259617,4277.569619155955
215,230.0,749.0,1.0,0.20458702247790844,1665.3841244396945,3994.709068842681
216,960.0,39.0,1.0,0.15422044411598512,39.753943776404356,3352.542126721436
218,730.0,919.0,1.0,0.17764183146130844,82.85383883442448,4311.358564476663
219,120.0,509.0,1.0,0.13930126683209218,12.540645053881395,2822.3501871838316
220,730.0,239.0,1.0,0.13036171629154603,7.503464379536714,4567.867914367847
222,240.0,689.0,1.0,0.1631968732446917,233.54854116681193,3395.359997981751
223,280.0,409.0,1.0,0.1367160729436574,17.12688823412924,4728.067902903179
224,50.0,269.0,0.0,0.08451035630939396,1.1414001296144134,4445.115236016049
226,510.0,29.0,0.0,0.09443587947860613,2.985174110017223,5510.637974598967
227,240.0,79.0,0.0,0.09406449568539199,2.47995669562157,6144.6402749926565
229,270.0,759.0,1.0,0.15447824973209212,261.0379334345038,4334.473524693462
231,840.0,969.0,1.0,0.12097702262913829,5.258768790230786,4425.904187187377
232,500.0,719.0,0.0,0.11873345669484799,17.28773549033833,5247.918722316284
233,260.0,69.0,0.0,0.06623131463047356,0.4246791133417202,6885.780670364817
236,290.0,909.0,1.0,0.1066216237711653,18.285042808701427,4794.2969358645005
239,670.0,629.0,0.0,0.11203288147851485,1.7982871024369846,5164.423820249713
240,170.0,559.0,1.0,0.15877740686174519,73.05441228695788,2812.2714253172007
241,340.0,379.0,1.0,0.1153744783326302,12.313100376004222,5119.801819335927
243,0.0,429.0,1.0,0.14705990575388103,17.102781063027674,2914.8571302037067
244,710.0,789.0,1.0,0.10212267659077615,0.6531712140975715,4403.123959920271
246,660.0,569.0,0.0,0.07811048228112442,1.0976816025677223,6053.028199619889
248,420.0,59.0,0.0,0.09827184690414727,0.8337247799069303,6274.2725780234205
250,930.0,879.0,0.0,0.09962521877477455,0.40466471362495066,3651.5925220020754
252,800.0,269.0,1.0,0.13770998375400306,11.347161374875274,5461.1296564346285
254,0.0,449.0,1.0,0.14467358624790763,15.844065257970597,3015.2408277660415
256,120.0,609.0,1.0,0.17631042825840731,197.65839704903325,3522.239791857298
258,390.0,669.0,1.0,0.1283684005590636,126.84599312249742,4717.842670190084
259,190.0,19.0,0.0,0.04112151840250494,0.12086174149510445,6367.4423574795155
260,570.0,799.0,1.0,0.14131335055188426,36.565023500578654,4062.535692546947
261,10.0,169.0,0.0,0.1242192217784742,13.840149875505206,5565.058065687349
264,700.0,349.0,1.0,0.13518024395268508,30.77209450266026,6481.064873227637
265,460.0,469.0,0.0,0.10273678375346453,10.8415033539099,4528.782650632468
266,180.0,359.0,0.0,0.11076921889947215,2.269660416047885,4377.317803925845
267,310.0,839.0,1.0,0.16307629026118878,446.5632511840648,4114.369999984765
268,70.0,589.0,1.0,0.20396597714160422,339.87489833808854,3803.73467275791
269,980.0,339.0,1.0,0.1264576486980351,10.594474596359602,4948.890046768567
272,680.0,979.0,1.0,0.136763227465422,18.77619464098685,3846.2749123562617
273,270.0,219.0,0.0,0.06216942705078622,0.40877906961477856,6244.965113177581
275,820.0,389.0,0.0,0.09390020256844718,2.4271764617864817,5988.507260663272
277,920.0,719.0,0.0,0.08957106090755235,0.26059035209294723,2796.6437661518753
278,670.0,189.0,0.0,0.1295085909617232,12.037163790297576,5231.175811637093
279,870.0,919.0,1.0,0.1103859859822138,1.4153549669367458,3969.565895791948
280,620.0,379.0,0.0,0.11251050456634067,13.172697627673502,6013.495721822167
282,430.0,509.0,1.0,0.12779611600042567,77.09093538211407,4846.149629990223
287,10.0,799.0,0.0,0.09449660384419972,0.6412375838669678,5434.888849393696
288,570.0,579.0,0.0,0.08929339208678744,2.41106850240026,4453.078356714036
289,840.0,59.0,1.0,0.1250316791613628,3.4530274737461837,4461.403460751758
290,150.0,449.0,1.0,0.14078180617343608,8.493639722579346,4052.6568401276772
291,980.0,119.0,1.0,0.17376376401878493,107.93208075396639,5327.057261290212
292,170.0,969.0,0.0,0.08994384596036098,2.100467068676529,4319.59235773163
294,940.0,159.0,1.0,0.14396958886618608,16.261319146114555,4589.005975993249
295,680.0,29.0,1.0,0.12899369746137862,11.329738661986841,3308.5907271399565
297,70.0,959.0,0.0,0.08109432478585915,1.3560980932524345,5552.875822772362
298,970.0,219.0,1.0,0.1376366401857959,13.105399359764364,3543.0482849214395
299,610.0,519.0,0.0,0.09212034761453743,2.3691402055272284,6736.907321100217
303,270.0,709.0,1.0,0.17183007456961497,499.82867996745455,3425.500650828426
305,940.0,169.0,1.0,0.14301286519153436,15.71273802748325,4564.629952699747
306,610.0,189.0,0.0,0.11829530367902487,6.525971939870344,5927.240472450557
307,110.0,689.0,1.0,0.1446469994113368,26.797640105563683,3478.1076386805944
308,160.0,499.0,1.0,0.13816323055698104,11.72980063484502,3511.018637967364
309,910.0,329.0,0.0,0.12107715450687431,6.327655274328231,4929.971280349191
310,700.0,609.0,0.0,0.10077997829160666,1.648959500597373,5167.144171014532
312,70.0,269.0,0.0,0.10708847087379339,3.364425243733819,4509.980687296206
315,740.0,559.0,0.0,0.09565083509289385,3.1092393046840283,5428.0861045113625
320,150.0,289.0,0.0,0.12045154364918441,4.53927370727124,5532.875794572931
323,680.0,689.0,0.0,0.09557816264906957,0.6200020469042788,4843.790237012823
326,620.0,389.0,0.0,0.10029646964320192,7.578783981115806,6397.384419446091
327,610.0,639.0,0.0,0.08457382339072124,1.2606441251301066,5021.659759369301
328,850.0,129.0,1.0,0.13183501116086097,4.390635246352204,4059.1803051389716
329,870.0,69.0,1.0,0.1445082124572019,9.92851628461125,3895.679393348877
330,790.0,209.0,1.0,0.12647954845046447,4.983416810537748,4899.091167657743
332,200.0,589.0,1.0,0.1785652090468025,251.36117987785235,1981.177309289782
335,320.0,329.0,0.0,0.10125760948875977,4.761952967397296,5878.44260565127
338,80.0,339.0,1.0,0.09708466472895323,1.1571465282251945,5861.952750005389
339,680.0,859.0,1.0,0.13913247342896812,15.031774871159252,4684.316559276533
341,370.0,689.0,1.0,0.14243401915245185,218.41994936560747,5072.154878620264
342,410.0,629.0,1.0,0.15971402602885168,423.50621355906844,5001.128238683492
343,660.0,769.0,1.0,0.13074371037009996,7.318423996332816,4286.269709071667
344,190.0,729.0,1.0,0.17946875345855176,371.5564039256954,4614.047655991832
345,210.0,339.0,0.0,0.12076852929780796,3.946416448669801,4519.102828615719
349,790.0,129.0,1.0,0.14409739105896852,7.153502043415336,4642.196796126643
350,560.0,979.0,1.0,0.15442203046358804,85.34123244686387,4599.567223596428
351,630.0,239.0,0.0,0.11874564432247087,6.79980595577368,5300.493405270584
352,370.0,529.0,1.0,0.1516995521579284,261.673800849286,4423.38806784038
353,880.0,769.0,0.0,0.11108824133521988,0.4637309241025251,3763.9636441667353
354,720.0,819.0,1.0,0.13714983717148171,4.245776464010995,4130.649910421363
356,300.0,399.0,1.0,0.13316088969045373,16.863567773111562,5547.313410159252
357,50.0,819.0,1.0,0.1342414592336985,4.976402338318407,4569.849281437183
358,830.0,729.0,0.0,0.10706370813411666,0.5895732519821955,3982.026576160003
359,930.0,609.0,0.0,0.10017684613393815,0.7731566375386861,5349.918433936334
363,130.0,459.0,1.0,0.14452413607431477,10.294907050027563,3485.1107325327093
365,580.0,879.0,1.0,0.16965428737623073,159.15506865841664,4760.335514620812
366,710.0,799.0,1.0,0.1180119397806809,1.241262122534504,4130.55812348932
369,510.0,899.0,1.0,0.15711077790341232,103.98425379450761,4432.98463698541
370,210.0,259.0,0.0,0.10086437009022647,3.3207677419596306,6683.701740338884
372,750.0,879.0,1.0,0.13726081458330158,8.005736378621155,4279.115199745865
373,410.0,789.0,1.0,0.1245652185201882,36.8942484089208,4362.001546395086
376,970.0,149.0,1.0,0.15710858234572386,44.712777690221515,5216.060049583587
378,570.0,369.0,0.0,0.10354756410745136,3.9348107229734928,6403.344087073138
380,750.0,189.0,1.0,0.1384283367226674,10.960149872523957,4179.653363832602
381,890.0,389.0,0.0,0.09057955587405488,1.4983474283362548,6055.016635674814
382,370.0,379.0,1.0,0.15288278420792645,90.60027557123853,5575.724395775776
384,360.0,239.0,0.0,0.08347892447053508,0.7397440714408343,6371.3550593160435
386,230.0,859.0,1.0,0.15409513879829662,103.85118675930774,3945.0189349039383
387,640.0,929.0,1.0,0.15773020003427418,76.62836706222093,4870.919941521327
388,710.0,529.0,0.0,0.11229432240866162,13.016758453998248,6060.861075174084
389,470.0,969.0,1.0,0.1367117165726542,37.11696110859737,4649.3955507093915
390,500.0,659.0,0.0,0.11295377332262165,12.726682442809679,5496.000632699626
391,570.0,279.0,0.0,0.09406235782374049,2.1866431470700416,5753.220214194654
392,120.0,549.0,1.0,0.14871468944969352,31.34075926761738,3468.500264609408
393,100.0,419.0,1.0,0.11945420148331606,2.6680766986934716,4012.5500530344934
394,450.0,169.0,0.0,0.07936374089716146,0.31565223532183107,7132.7990463723745
397,540.0,509.0,0.0,0.09894510761189956,4.1976642108336835,6829.2206544940855
398,220.0,859.0,1.0,0.14948001257948415,65.60436305989046,4462.460145903161
399,140.0,629.0,1.0,0.17770708487097914,291.50150764973984,3860.5208961674653
400,790.0,329.0,0.0,0.09912002613085938,2.30657692272547,5797.508800726006
402,300.0,849.0,1.0,0.16406531185454856,459.73419724261186,4627.017779471527
403,740.0,879.0,1.0,0.15087383424318912,16.28841117814802,4850.0353011979205
404,90.0,489.0,1.0,0.13874242524441105,9.540895757426517,3150.3160665654113
407,20.0,519.0,1.0,0.2068917820329333,419.1899481818925,3342.1710091917726
408,550.0,9.0,1.0,0.13817350959240984,37.604930735312315,3954.9667557162784
409,190.0,639.0,1.0,0.16801736312609036,224.22946264482155,3025.1675148753543
410,300.0,679.0,1.0,0.1681962038152055,602.6562872665454,3766.141917280227
411,950.0,259.0,1.0,0.12862041568384724,6.13143829811954,3932.2458639758725
412,500.0,579.0,0.0,0.09816435932467035,6.596545690322743,5681.64633221812
413,980.0,769.0,0.0,0.11147294298589691,0.8733930135700574,3780.051117037111
414,940.0,629.0,0.0,0.09942837123388136,0.503399849407673,4816.640314473
415,990.0,519.0,0.0,0.12207947614980412,8.092312730247901,6403.758739849534
416,300.0,609.0,1.0,0.18267586438890654,931.1890135395215,5260.675054765522
417,580.0,569.0,0.0,0.09108689313312883,2.119379297138512,5090.954790851898
418,110.0,49.0,0.0,0.0886868791080877,2.421278422254181,6658.973915975045
419,90.0,39.0,0.0,0.09987477597239248,4.1083264820740855,6619.931029526328
420,90.0,399.0,1.0,0.11607769430529,2.6852139148623118,4880.110977980173
421,900.0,79.0,1.0,0.14933042284513504,20.30421738748644,4004.827680742058
423,900.0,99.0,1.0,0.17089611955807707,54.13963856748181,4626.567598632847
426,500.0,649.0,0.0,0.11527452252197755,15.586490534882948,4781.2677332461835
427,650.0,259.0,0.0,0.10545331007024827,4.020890103536675,5429.678201224056
428,680.0,429.0,1.0,0.11610736542071175,22.70280678464222,6013.816976084314
429,370.0,219.0,0.0,0.08008763279878715,0.453977716011048,5950.05062386909
431,680.0,739.0,0.0,0.11543234366519227,1.829175474393394,5063.083538767129
432,220.0,539.0,1.0,0.16234309380932935,68.65542099126809,4417.703321487041
436,410.0,499.0,1.0,0.11985318545273282,56.65750728762227,5146.574192116974
437,230.0,539.0,1.0,0.14981508350373382,34.231497062118734,4377.387175214467
439,240.0,239.0,0.0,0.091971367757608,2.7205159113768276,5871.654071993849
441,450.0,219.0,0.0,0.07123330114879947,0.30042965493839674,5442.438599255677
442,190.0,889.0,1.0,0.1517509133642467,49.42828227216159,4873.630073389881
443,720.0,899.0,1.0,0.14805356696230745,18.235939312560916,4657.906572730771
446,300.0,639.0,1.0,0.17179859029070946,591.3426154001153,3890.002192130413
447,220.0,899.0,1.0,0.11793931999856763,15.846094226719547,4976.1208780605375
448,680.0,269.0,1.0,0.11086026621865186,5.710081714479096,5447.794509585126
449,300.0,539.0,1.0,0.1487191385299262,86.10962958544847,4454.324695789667
450,540.0,129.0,0.0,0.11019248503132734,3.6917244595712417,6185.818764253259
451,320.0,559.0,1.0,0.14939957836090312,131.86424788976666,4332.562517838195
452,860.0,889.0,1.0,0.11690971440401676,1.4461326080727313,3931.954570492021
453,530.0,599.0,0.0,0.10036721240822269,6.621935134863397,5523.282411965448
454,870.0,419.0,0.0,0.07856339332648182,1.0219864159457281,5950.254342510758
455,70.0,869.0,0.0,0.12786034298400575,4.896128581952467,4319.617080867754
456,260.0,589.0,1.0,0.1527009897072329,101.41993347577838,4198.340685070981
457,720.0,129.0,1.0,0.13483925579100584,11.037612161795181,3716.2615433873634
458,420.0,959.0,1.0,0.13703643032068577,46.273841430959244,4460.227665024535
459,490.0,19.0,0.0,0.06760660192866205,0.648172112798673,5297.559776251462
460,900.0,149.0,1.0,0.15060386313142368,16.0997106239179,4379.194125136801
461,420.0,809.0,1.0,0.13138305356584087,43.22651198322868,4611.48245664127
464,780.0,629.0,0.0,0.06670270662830513,0.2658822534126187,4713.977912924204
465,420.0,429.0,0.0,0.1078007830217697,19.394442877420733,4826.4529821411925
466,800.0,249.0,1.0,0.1458881395332297,13.954039059780683,5636.263554622191
468,240.0,759.0,1.0,0.2027547749110386,1826.4608606923312,3856.642037557277
469,280.0,159.0,0.0,0.1046401670901916,2.250847806295702,6884.750503066085
470,650.0,759.0,1.0,0.13944921877022007,12.143989110255658,4723.842773879771
471,630.0,369.0,0.0,0.11455628381478918,15.811637067309974,6307.595812713276
474,920.0,179.0,1.0,0.1602305967388106,30.435080974341403,4309.365879705012
476,340.0,739.0,1.0,0.14606987566703034,234.35740017207124,3828.898027213095
477,110.0,229.0,0.0,0.09124778191738994,1.9881928554952408,5239.936189378081
478,60.0,479.0,1.0,0.12262376526836345,4.143724993612601,3855.965026523013
479,240.0,809.0,1.0,0.16832966418572148,323.3185140686568,4009.6025790591425
480,850.0,109.0,1.0,0.123766700555299,2.84813267490244,3138.9992066685236
481,340.0,459.0,1.0,0.14491420869089736,72.64396520094553,4785.83649554829
482,950.0,59.0,1.0,0.15816997985285863,52.34672385868817,4004.3529232747287
484,790.0,259.0,1.0,0.14735225726031215,15.724814800251385,5178.285514958368
485,130.0,599.0,1.0,0.15517477070075622,81.14241841879293,3524.1199588894297
486,0.0,549.0,1.0,0.17391799536037705,102.31999739718242,3673.832356453798
488,890.0,919.0,0.0,0.1094009959593813,1.3357615520902393,3974.64732437011
493,460.0,609.0,1.0,0.12107212885525598,39.20795295807021,5210.561404348246
495,280.0,789.0,1.0,0.1586602165438739,356.1827882222151,4149.525420509237
498,50.0,729.0,1.0,0.11919776923861897,2.006094187094455,3643.204932526978
500,600.0,849.0,1.0,0.15258270568383991,51.357441582044224,5241.924698686741
501,270.0,49.0,0.0,0.04385340610273379,0.09462700981583705,6906.176964652739
504,790.0,289.0,1.0,0.1098935051653413,3.208329661303441,5199.36182368376
505,330.0,319.0,0.0,0.10014886211002605,4.667174978761566,5721.658841752214
507,890.0,269.0,1.0,0.1324313432774331,6.758139679237488,4186.286196672738
510,780.0,369.0,0.0,0.0955655882859574,3.2075081107340457,5647.5694997123155
512,180.0,709.0,1.0,0.15020789642563273,95.99883290167308,5075.215676126238
513,360.0,639.0,1.0,0.17088039985855522,667.0673361122678,4649.520961106564
514,870.0,429.0,0.0,0.07938754265547239,1.1235636831351545,5794.963672899291
516,450.0,829.0,1.0,0.12151124743641638,17.510529025408086,4433.98579580442
517,770.0,279.0,1.0,0.13660881897415805,10.883231215894579,5609.310794514604
518,620.0,259.0,0.0,0.10259265156242224,3.197256461410969,5130.815152374939
521,870.0,49.0,1.0,0.14430687494087663,10.820699457779163,4475.661934325062
522,340.0,589.0,1.0,0.18460224053306415,765.022250723385,4927.18309662422
523,280.0,799.0,1.0,0.1619382431773092,395.71785719560563,4212.82756379521
524,280.0,929.0,1.0,0.12315259223903775,30.206011144230384,5103.981136574487
527,990.0,859.0,0.0,0.12379078497672129,2.226481784001011,4122.567715774425
528,160.0,579.0,1.0,0.1566454272393131,71.67378270828117,3180.8075315569786
529,950.0,99.0,1.0,0.17467069364337579,88.24163227326648,5689.415440394548
530,560.0,189.0,0.0,0.0947917822978945,1.517268570503706,5918.572431044635
531,830.0,559.0,0.0,0.10535223043475565,3.97023905244234,4396.191299535962
532,200.0,999.0,0.0,0.12073357185578419,8.925149864957401,5114.881658859034
533,510.0,339.0,0.0,0.06696994799148359,0.4123012265503579,6518.084344962173
535,840.0,729.0,0.0,0.12186280984833142,1.1104050485000307,4502.182570640059
537,180.0,149.0,0.0,0.09453824821505007,2.8826220531443445,6299.658001181306
538,870.0,819.0,0.0,0.0993675012520137,0.4000791375073953,3663.488049791754
540,100.0,359.0,1.0,0.10736758351698915,1.8421034107239451,5577.387475359299
541,940.0,949.0,0.0,0.10243738500856166,0.9561523598584859,4105.074357189959
542,440.0,929.0,1.0,0.13626059863024526,49.988411618573295,4812.167368058453
545,810.0,529.0,0.0,0.09929824841107578,4.521290493816993,5371.839797767901
549,900.0,109.0,1.0,0.17216840661905108,52.27304255643309,4354.446742025273
550,390.0,879.0,1.0,0.15205810367669403,156.82855555958128,4499.028044978021
553,40.0,899.0,0.0,0.10354830944013857,1.7521443338984155,5637.99043821035
554,730.0,179.0,1.0,0.12053318919111043,5.301363778014951,4493.64012276565
555,660.0,459.0,0.0,0.12864076828238158,32.94142775311279,6570.337407385642
556,400.0,299.0,0.0,0.08922710841892563,1.2473167172484763,6115.214285600892
558,600.0,29.0,1.0,0.1275215088658941,30.086344170824944,5766.10444766811
559,790.0,19.0,0.0,0.11793714103104781,1.5293622980421977,4903.847056630162
560,810.0,659.0,0.0,0.10655681597296536,1.123995384376206,3852.66956067163
561,520.0,729.0,1.0,0.10979191614768166,11.13128991572748,5642.804783664628
562,930.0,909.0,0.0,0.10064041223042464,0.6053321739743114,4061.7200488160415
568,190.0,449.0,1.0,0.14474836494482743,12.006375959019907,4397.958252918076
569,510.0,689.0,0.0,0.09130461522756761,4.424498521136208,4932.34759493976
570,30.0,379.0,1.0,0.11696245771775639,2.874144762095601,3562.727498381142
571,770.0,699.0,0.0,0.10337042994023425,0.47260310644315134,5353.230784774018
574,320.0,829.0,1.0,0.18033622883103378,957.4267481442329,4427.866874553862
578,310.0,219.0,0.0,0.0695843078295243,0.4340251248606518,6949.553871804418
579,620.0,159.0,1.0,0.13428173439414046,17.445624933800577,5003.077227601221
581,20.0,459.0,1.0,0.14210694361730458,11.625130050528556,3541.132223558342
584,650.0,469.0,0.0,0.12007152588854735,19.09870492491805,6622.020738872192
586,620.0,119.0,1.0,0.12876202139523865,19.92304613302461,5023.316026355314
